[{"name": "temperature"}, {"value": 85.546875}, {"unit": "C"}, {"name": "pressure"}, {"value": 1137.772705078125}, {"unit": "mbar"}, {"name": "Humidity"}, {"value": 92.67578125}, {"unit": "%"}, {"name": "Roll"}, {"value": 207.70028980702867}, {"unit": "deg"}, {"name": "Pitch"}, {"value": 129.19103122213303}, {"unit": "deg"}, {"name": "Yaw"}, {"value": 221.50176426607425}, {"unit": "deg"}, {"name": "x"}, {"value": 3}, {"unit": "-"}, {"name": "y"}, {"value": 4}, {"unit": "-"}, {"name": "z"}, {"value": 3}, {"unit": "-"}]